ID,Claude-3.5-ch100-k5
1,"La información proporcionada en el contexto no es suficiente para determinar específicamente la naturaleza jurídica de la Universidad de los Andes entre las opciones dadas. Si bien el contexto menciona que es una ""persona jurídica"" y tiene capacidad legal para realizar contratos, no especifica exactamente qué tipo de entidad es entre las opciones presentadas. Por lo tanto, no puedo seleccionar una respuesta con certeza basándome únicamente en el contexto proporcionado."
2,c
3,c
4,a
5,"The provided context does not contain information about the maximum number of regular council members that can be part of the Superior Council. Therefore, I cannot determine which of the given options (a, b, c, or d) is correct."
6,c
7,c
8,"No puedo determinar la respuesta correcta ya que el contexto proporcionado no contiene información sobre las responsabilidades del Consejo Académico. El contexto solo menciona funciones del Consejo Superior, pero no hace referencia al Consejo Académico."
9,"I apologize, but I cannot determine from the provided context information who presides over the Academic Council (Consejo Académico). The context discusses the Superior Council and Executive Committee, but does not mention who leads the Academic Council. Therefore, I cannot select an option from the choices given."
10,d
11,"The provided context does not contain information about the appointment period for the university's fiscal auditor (revisor fiscal). Therefore, I cannot determine which option is correct from the given choices."
12,"The provided context information does not contain specific details about who convenes extraordinary meetings of the Superior Council. The context only mentions ordinary meetings that occur four times per year and some procedures for elections and voting, but does not address who has the authority to call extraordinary meetings. Therefore, I cannot provide a definitive answer from the given options based solely on the provided context."
13,"The provided context information does not contain any information about how many times per year the Consejo Superior must meet ordinarily. Therefore, I cannot determine which option is correct from the given context alone."
14,"I apologize, but I cannot determine the correct answer from the provided context information. The context does not contain any information about the requirements for reforming the university's statutes. None of the passages discuss statute reforms or amendments. Without this specific information in the context, I cannot select any of the given options."
15,b
16,c
17,"The provided context does not contain information about who appoints faculty deans (decanos). Therefore, I cannot determine the correct answer from the given options a, b, c, or d."
18,b
19,d
20,d
21,d
22,c
23,"The provided context information does not contain any information about the requirements for dissolving the university. Therefore, I cannot determine which of the given options is correct. I should not guess or make assumptions without the relevant information in the context."
24,c
25,La información sobre el período específico de los consejeros estudiantes no está explícitamente mencionada en el contexto proporcionado. No puedo seleccionar una opción con certeza basándome únicamente en la información dada.
26,d
27,"The provided context information does not contain any information about requirements for dissolving the university. I cannot determine which option is correct from the given context alone.

However, I understand I must select one option. Since I cannot make this determination from the provided information, I should not provide an answer that could be misleading.

I must respectfully decline to select an option, as doing so would require making assumptions beyond the given context."
28,La información proporcionada en el contexto no menciona específicamente quién tiene la responsabilidad de liderar la representación de la Universidad en eventos nacionales e internacionales. No hay suficiente información para responder esta pregunta de manera precisa entre las opciones dadas.
29,d
30,b
31,"The provided context information does not contain any information about who approves salary scales for professors and employees. Therefore, I cannot determine the correct answer from the given options based solely on this context."
32,c
33,d
34,c
35,No puedo determinar la respuesta correcta ya que la información proporcionada en el contexto no menciona específicamente el porcentaje de votos requerido para modificar los estatutos.
36,b
37,b
38,c
39,c
40,a
41,"I apologize, but I cannot determine the correct answer from the provided context information. The context does not contain any information about who can call extraordinary meetings of the Academic Council (Consejo Académico). The context only discusses aspects of the Superior Council's meetings and the appointment of the rector, but nothing about convening Academic Council meetings."
42,La información proporcionada en el contexto no contiene datos específicos sobre quién puede autorizar la aceptación de donaciones a la Universidad. No puedo determinar la respuesta correcta entre las opciones dadas basándome únicamente en el contexto proporcionado.
43,c
44,"The provided context information does not contain any information about which body has the authority to sell or transfer real estate properties of the University. Therefore, I cannot determine the correct answer from the given options based solely on the provided context."
45,"No hay suficiente información en el contexto proporcionado para determinar específicamente cuáles son las funciones de los decanos en las facultades. El único dato mencionado sobre los decanos es que son nombrados por el Comité Directivo a partir de candidatos presentados por el rector, pero no se describen sus funciones. Por lo tanto, no puedo seleccionar una opción con la información disponible."
46,d
47,d
48,c
49,d
50,c
51,"Ninguna de las opciones presentadas corresponde a los valores mencionados en el texto. El único valor explícitamente mencionado es la Excelencia, que no está entre las opciones dadas. Por lo tanto, no puedo seleccionar una respuesta válida entre las opciones proporcionadas."
52,c
53,c
54,c
55,a
56,b
57,b
58,a
59,No hay suficiente información en el contexto proporcionado para responder esta pregunta específica sobre quién decide sobre el grado póstumo en la Universidad de los Andes. No se menciona nada relacionado con grados póstumos ni el proceso de decisión sobre los mismos.
60,c
61,b
62,b
63,c
64,a
65,No hay suficiente información en el contexto proporcionado para responder esta pregunta específica sobre qué nota especial aplica para un estudiante en proceso disciplinario. No se menciona ninguna información sobre notas especiales o procesos disciplinarios.
66,b
67,b
68,"No puedo determinar la respuesta correcta ya que la información sobre el reconocimiento ""Cum Laude"" no está presente en el contexto proporcionado. El contexto solo habla sobre evaluaciones, calificaciones y procedimientos de reclamos, pero no menciona nada sobre reconocimientos o distinciones académicas."
69,a
70,La información proporcionada en el contexto no menciona específicamente un porcentaje máximo de inasistencia permitido. No hay suficiente información para seleccionar una respuesta entre las opciones dadas.
71,c
72,c
73,d
74,La información proporcionada en el contexto no contiene datos sobre el porcentaje mínimo de créditos que deben cursarse en la Universidad para aspirar a un título. No puedo seleccionar una opción con la información disponible.
75,c
76,a
77,a
78,b
79,d
80,c
81,No encuentro información específica en el contexto proporcionado sobre la calificación 'Incompleto' (I) ni su definición. No puedo seleccionar una respuesta con certeza basándome únicamente en la información dada.
82,b
83,"No hay suficiente información en el contexto proporcionado para responder esta pregunta. El contexto solo menciona el máximo de créditos por periodo académico (20) y algunas reglas sobre créditos simultáneos, pero no especifica el mínimo de créditos necesarios para graduarse."
84,d
85,c
86,b
87,c
88,b
89,a
90,c
91,b
92,a
93,c
94,c
95,c
96,b
97,b
98,b
99,c
100,b
